TIMESTAMP,ContextTokens,GeneratedTokens
2023-11-16 18:15:46.6805900,374,44
2023-11-16 18:15:51.2224670,879,55
2023-11-16 18:15:52.5732450,91,16
2023-11-16 18:15:54.4260870,1313,142
2023-11-16 18:15:55.0176690,242,14
2023-11-16 18:15:55.3808030,394,124
2023-11-16 18:15:56.2631480,1315,174
2023-11-16 18:15:57.2267160,389,90
2023-11-16 18:15:58.1114940,120,12
2023-11-16 18:15:59.5671350,206,162
2023-11-16 18:15:59.7304330,197,152
2023-11-16 18:16:00.7783700,388,54
2023-11-16 18:16:04.1015080,2584,170
2023-11-16 18:16:04.8411030,126,194
2023-11-16 18:16:05.6600290,2548,116
2023-11-16 18:16:06.6257870,4081,74
2023-11-16 18:16:07.3389430,191,217
2023-11-16 18:16:08.0506550,203,217
2023-11-16 18:16:09.3934620,126,172
2023-11-16 18:16:10.0519930,209,181
2023-11-16 18:16:11.4489750,437,88
2023-11-16 18:16:11.7620120,203,138
2023-11-16 18:16:11.9304300,4073,58
2023-11-16 18:16:12.5976970,1087,401
2023-11-16 18:16:13.0876470,412,102
2023-11-16 18:16:14.0108560,203,217
2023-11-16 18:16:14.7708240,64,174
2023-11-16 18:16:15.2591250,1352,158
2023-11-16 18:16:15.4449690,378,58
2023-11-16 18:16:16.3666680,4074,50
2023-11-16 18:16:17.9497610,212,183
2023-11-16 18:16:18.4408190,407,131
2023-11-16 18:16:19.0690950,1029,399
2023-11-16 18:16:20.0941180,203,217
2023-11-16 18:16:20.2073600,181,253
2023-11-16 18:16:20.4292920,1119,414
2023-11-16 18:16:20.6131190,1313,179
2023-11-16 18:16:21.9746590,400,102
2023-11-16 18:16:23.2010070,203,162
2023-11-16 18:16:23.8053960,2,93
2023-11-16 18:16:24.8355200,372,60
2023-11-16 18:16:25.2296340,1104,394
2023-11-16 18:16:25.7725050,4088,37
2023-11-16 18:16:26.0047170,1118,426
2023-11-16 18:16:26.3257810,1133,385
2023-11-16 18:16:27.0312240,2590,50
2023-11-16 18:16:27.8064630,126,203
2023-11-16 18:16:29.0146450,1115,421
2023-11-16 18:16:29.2112150,400,91
2023-11-16 18:16:29.2444100,862,379
2023-11-16 18:16:29.3718280,890,402
2023-11-16 18:16:29.4891630,899,403
2023-11-16 18:16:29.8740510,181,212
2023-11-16 18:16:30.2905000,1163,426
2023-11-16 18:16:30.5740160,1041,428
2023-11-16 18:16:30.7213310,1104,396
2023-11-16 18:16:31.5086690,1114,414
2023-11-16 18:16:31.7061030,1313,173
2023-11-16 18:16:31.8009570,13,130
2023-11-16 18:16:31.9274420,1065,395
2023-11-16 18:16:32.2108320,1077,390
2023-11-16 18:16:32.7829110,4079,27
2023-11-16 18:16:32.9106650,996,389
2023-11-16 18:16:33.3072790,197,183
2023-11-16 18:16:33.8903150,197,217
2023-11-16 18:16:34.4146520,1214,421
2023-11-16 18:16:34.7135810,1186,398
2023-11-16 18:16:34.8151980,1100,426
2023-11-16 18:16:35.3902470,1232,419
2023-11-16 18:16:35.9076280,209,217
2023-11-16 18:16:36.2680470,1029,388
2023-11-16 18:16:36.4050700,1113,375
2023-11-16 18:16:36.4232810,1009,425
2023-11-16 18:16:36.5590200,1183,431
2023-11-16 18:16:37.1667260,1097,396
2023-11-16 18:16:37.3355720,181,208
2023-11-16 18:16:37.4223750,908,456
2023-11-16 18:16:37.5889230,996,422
2023-11-16 18:16:37.8018320,1112,385
2023-11-16 18:16:38.1596160,890,403
2023-11-16 18:16:38.3589370,1093,426
2023-11-16 18:16:38.8008100,898,454
2023-11-16 18:16:38.9292120,1129,396
2023-11-16 18:16:39.5638960,862,425
2023-11-16 18:16:39.8526300,914,414
2023-11-16 18:16:40.3870460,982,594
2023-11-16 18:16:40.7030540,1313,156
2023-11-16 18:16:41.7636110,1084,397
2023-11-16 18:16:42.0202400,1065,594
2023-11-16 18:16:43.6460100,1243,398
2023-11-16 18:16:43.9606690,1000,375
2023-11-16 18:16:44.1330290,920,87
2023-11-16 18:16:44.1845350,411,101
2023-11-16 18:16:44.2582860,1018,425
2023-11-16 18:16:44.9463190,395,99
2023-11-16 18:16:46.6741100,181,113
2023-11-16 18:16:46.8641860,972,392
2023-11-16 18:16:47.3287340,392,96
2023-11-16 18:16:47.5121590,975,409
2023-11-16 18:16:47.8258560,1027,388
2023-11-16 18:16:47.9661530,1028,394
2023-11-16 18:16:48.4451950,997,492
2023-11-16 18:16:48.5186180,851,397
2023-11-16 18:16:48.6092840,1113,531
2023-11-16 18:16:48.9570740,1083,426
2023-11-16 18:16:49.5237160,978,437
2023-11-16 18:16:49.7933320,386,61
2023-11-16 18:16:50.7759920,209,162
2023-11-16 18:16:51.5689000,120,12
2023-11-16 18:16:51.6164500,416,140
2023-11-16 18:16:51.6708580,394,83
2023-11-16 18:16:51.7447460,1099,396
2023-11-16 18:16:52.0288970,209,217
2023-11-16 18:16:52.3956860,993,441
2023-11-16 18:16:52.9907610,2294,72
2023-11-16 18:16:53.1922030,1067,394
2023-11-16 18:16:53.3362740,416,79
2023-11-16 18:16:53.3922250,203,179
2023-11-16 18:16:54.1205230,56,164
2023-11-16 18:16:54.6136420,209,162
2023-11-16 18:16:55.3627990,1083,378
2023-11-16 18:16:56.7764550,982,429
2023-11-16 18:16:57.1385400,374,54
2023-11-16 18:16:57.6583070,126,205
2023-11-16 18:16:58.6072120,1078,428
2023-11-16 18:16:59.1437960,169,217
2023-11-16 18:16:59.4529200,1001,427
2023-11-16 18:16:59.8200270,4081,38
2023-11-16 18:16:59.9652410,1064,395
2023-11-16 18:17:00.5221530,972,575
2023-11-16 18:17:00.7275850,980,384
2023-11-16 18:17:02.3077990,1082,409
2023-11-16 18:17:02.5144880,385,98
2023-11-16 18:17:02.7803140,412,100
2023-11-16 18:17:03.2389700,1146,466
2023-11-16 18:17:03.9911970,846,108
2023-11-16 18:17:04.9349320,1059,649
2023-11-16 18:17:05.3655870,167,171
2023-11-16 18:17:05.4222470,40,134
2023-11-16 18:17:05.9969940,1065,411
2023-11-16 18:17:06.1119960,1314,137
2023-11-16 18:17:06.4678490,163,205
2023-11-16 18:17:06.4979770,1314,203
2023-11-16 18:17:06.8632730,978,442
2023-11-16 18:17:07.1018040,1056,398
2023-11-16 18:17:07.8254620,1233,401
2023-11-16 18:17:08.7466820,1103,520
2023-11-16 18:17:09.0942230,1123,396
2023-11-16 18:17:09.5996540,1079,419
2023-11-16 18:17:10.4782610,1147,413
2023-11-16 18:17:11.2525270,411,81
2023-11-16 18:17:11.2779760,2522,62
2023-11-16 18:17:11.5748650,1106,414
2023-11-16 18:17:11.7570040,1147,396
2023-11-16 18:17:12.4135650,1021,428
2023-11-16 18:17:12.9396080,1104,394
2023-11-16 18:17:13.4015580,399,86
2023-11-16 18:17:13.7873650,766,85
2023-11-16 18:17:14.0259640,91,16
2023-11-16 18:17:14.0950610,1314,220
2023-11-16 18:17:14.1593100,1048,399
2023-11-16 18:17:14.7923670,194,217
2023-11-16 18:17:15.0621540,206,217
2023-11-16 18:17:15.6606930,1016,436
2023-11-16 18:17:16.0760100,91,16
2023-11-16 18:17:16.3798170,895,114
2023-11-16 18:17:16.9231770,194,223
2023-11-16 18:17:17.6951410,954,390
2023-11-16 18:17:18.0672970,203,217
2023-11-16 18:17:18.5552660,91,24
2023-11-16 18:17:18.9441360,878,110
2023-11-16 18:17:19.1655710,212,164
2023-11-16 18:17:20.7336250,445,174
2023-11-16 18:17:20.7817520,1023,421
2023-11-16 18:17:21.1926490,1009,420
2023-11-16 18:17:21.6260440,1161,373
2023-11-16 18:17:22.0963870,1067,429
2023-11-16 18:17:23.1721630,1136,422
2023-11-16 18:17:23.4027630,313,18
2023-11-16 18:17:23.6885580,1240,501
2023-11-16 18:17:23.7166460,209,167
2023-11-16 18:17:24.0466400,1093,414
2023-11-16 18:17:24.8593070,435,111
2023-11-16 18:17:25.6412610,422,95
2023-11-16 18:17:26.3254020,1184,394
2023-11-16 18:17:26.5708000,890,387
2023-11-16 18:17:27.1267490,1119,397
2023-11-16 18:17:27.7383050,1188,388
2023-11-16 18:17:28.1415580,1095,417
2023-11-16 18:17:28.4021470,1102,455
2023-11-16 18:17:28.8816870,1996,70
2023-11-16 18:17:28.9310460,181,173
2023-11-16 18:17:29.2540510,1132,414
2023-11-16 18:17:29.5393420,125,205
2023-11-16 18:17:30.1926510,206,167
2023-11-16 18:17:31.0367480,127,198
2023-11-16 18:17:31.5968230,404,109
2023-11-16 18:17:32.1585220,1199,394
2023-11-16 18:17:32.6331280,1013,422
2023-11-16 18:17:32.7925140,4083,38
2023-11-16 18:17:33.0705980,1069,499
2023-11-16 18:17:33.6881330,200,183
2023-11-16 18:17:34.0270310,895,393
2023-11-16 18:17:34.7356560,410,95
2023-11-16 18:17:35.7314870,212,217
2023-11-16 18:17:36.7905260,1052,652
2023-11-16 18:17:37.0404600,307,18
2023-11-16 18:17:37.5010600,129,185
2023-11-16 18:17:37.8048800,936,431
2023-11-16 18:17:38.2223570,1025,388
2023-11-16 18:17:39.1591490,431,97
2023-11-16 18:17:39.4130100,1045,496
2023-11-16 18:17:39.8957790,1163,429
2023-11-16 18:17:40.4984220,1012,389
2023-11-16 18:17:40.6210100,971,373
2023-11-16 18:17:41.2033000,1028,498
2023-11-16 18:17:41.4368210,1139,371
2023-11-16 18:17:41.4713830,1019,403
2023-11-16 18:17:42.0538090,1176,373
2023-11-16 18:17:42.6063240,382,38
2023-11-16 18:17:43.2143630,401,147
2023-11-16 18:17:44.1064200,1161,429
2023-11-16 18:17:44.3486340,1053,383
2023-11-16 18:17:44.6484160,1037,434
2023-11-16 18:17:45.2329090,945,504
2023-11-16 18:17:45.9924460,1036,386
2023-11-16 18:17:46.0899990,1062,413
2023-11-16 18:17:46.2554290,1070,398
2023-11-16 18:17:46.8038340,419,130
2023-11-16 18:17:46.9001090,1127,415
2023-11-16 18:17:47.5484570,4082,104
2023-11-16 18:17:47.9710900,934,378
2023-11-16 18:17:49.4980170,91,24
2023-11-16 18:17:49.7119260,1007,468
2023-11-16 18:17:49.9601410,10,146
2023-11-16 18:17:50.2137970,298,18
2023-11-16 18:17:50.4581890,1021,390
2023-11-16 18:17:51.0871290,386,96
2023-11-16 18:17:51.3622260,403,142
2023-11-16 18:17:51.4028890,1013,363
2023-11-16 18:17:51.6150610,1034,377
2023-11-16 18:17:52.1302300,1149,516
2023-11-16 18:17:52.4645030,1314,159
2023-11-16 18:17:52.9053660,1043,431
2023-11-16 18:17:53.0525920,1093,382
2023-11-16 18:17:53.8469210,203,189
2023-11-16 18:17:54.5548400,4085,59
2023-11-16 18:17:54.6723960,409,93
2023-11-16 18:17:54.9691250,1354,225
2023-11-16 18:17:55.5628180,1035,414
2023-11-16 18:17:55.7820320,206,179
2023-11-16 18:17:56.0154610,209,183
2023-11-16 18:17:56.3576650,1007,424
2023-11-16 18:17:56.4941840,1173,421
2023-11-16 18:17:56.7784330,395,92
2023-11-16 18:17:57.1067310,91,24
2023-11-16 18:17:57.4905280,1159,399
2023-11-16 18:17:57.7731650,1094,398
2023-11-16 18:17:58.0510410,203,162
2023-11-16 18:17:58.8074480,1003,373
2023-11-16 18:17:59.4629280,401,125
2023-11-16 18:18:00.0729610,197,217
2023-11-16 18:18:00.9136600,77,187
2023-11-16 18:18:01.1500270,1056,396
2023-11-16 18:18:01.5614790,1118,378
2023-11-16 18:18:01.7267310,1035,401
2023-11-16 18:18:01.8094890,1211,450
2023-11-16 18:18:02.0813090,4078,46
2023-11-16 18:18:02.3197540,1066,421
2023-11-16 18:18:02.5051610,414,79
2023-11-16 18:18:02.9075210,385,112
2023-11-16 18:18:04.1868300,401,88
2023-11-16 18:18:04.8410630,91,16
2023-11-16 18:18:05.2565930,4086,64
2023-11-16 18:18:05.7223470,1125,395
2023-11-16 18:18:06.0438230,847,89
2023-11-16 18:18:06.9451580,1046,393
2023-11-16 18:18:07.1432420,402,86
2023-11-16 18:18:07.5456770,997,415
2023-11-16 18:18:07.9091040,978,430
2023-11-16 18:18:08.1530850,1160,421
2023-11-16 18:18:08.1964830,912,427
2023-11-16 18:18:08.3572150,206,162
2023-11-16 18:18:09.1116610,975,68
2023-11-16 18:18:09.6737700,163,157
2023-11-16 18:18:09.8756410,1082,426
2023-11-16 18:18:10.0842840,200,217
2023-11-16 18:18:10.0983110,91,16
2023-11-16 18:18:10.2453980,1004,412
2023-11-16 18:18:10.9805570,203,161
2023-11-16 18:18:12.0673830,1032,387
2023-11-16 18:18:12.1400870,414,130
2023-11-16 18:18:12.4698320,1113,98
2023-11-16 18:18:12.7353380,161,193
2023-11-16 18:18:13.1001330,371,54
2023-11-16 18:18:13.4102710,1061,429
2023-11-16 18:18:13.7206960,4101,58
2023-11-16 18:18:13.9062510,1245,389
2023-11-16 18:18:14.0774910,405,83
2023-11-16 18:18:14.6762130,1052,429
2023-11-16 18:18:14.9384730,1062,393
2023-11-16 18:18:14.9582190,4080,74
2023-11-16 18:18:15.6596320,8,122
2023-11-16 18:18:15.8930490,2278,45
2023-11-16 18:18:15.9531420,405,110
2023-11-16 18:18:16.4094860,167,187
2023-11-16 18:18:16.6577870,1113,399
2023-11-16 18:18:16.7130670,1180,414
2023-11-16 18:18:16.8681250,209,217
2023-11-16 18:18:17.5771510,128,173
2023-11-16 18:18:17.5877230,1037,415
2023-11-16 18:18:17.8510150,380,99
2023-11-16 18:18:18.0614790,218,179
2023-11-16 18:18:18.1971150,1000,498
2023-11-16 18:18:19.1440310,1093,429
2023-11-16 18:18:19.6938820,1473,450
2023-11-16 18:18:21.2392710,1076,464
2023-11-16 18:18:21.3502140,402,73
2023-11-16 18:18:21.6827540,1047,401
2023-11-16 18:18:22.2781080,942,404
2023-11-16 18:18:22.5360850,1232,419
2023-11-16 18:18:22.8197380,999,395
2023-11-16 18:18:23.4178130,1049,667
2023-11-16 18:18:23.7662440,1009,419
2023-11-16 18:18:24.0260720,921,114
2023-11-16 18:18:24.2016170,1157,429
2023-11-16 18:18:24.3180850,1035,405
2023-11-16 18:18:24.3488640,4091,40
2023-11-16 18:18:24.6807160,4076,38
2023-11-16 18:18:24.7459780,1046,429
2023-11-16 18:18:25.1243840,161,159
2023-11-16 18:18:25.7539740,1108,399
2023-11-16 18:18:25.8946530,1051,410
2023-11-16 18:18:26.3141570,1001,373
2023-11-16 18:18:26.5284590,996,385
2023-11-16 18:18:26.6273440,417,98
2023-11-16 18:18:27.0789950,310,18
2023-11-16 18:18:27.4805380,1007,388
2023-11-16 18:18:27.7341810,4099,55
2023-11-16 18:18:27.9600200,1044,413
2023-11-16 18:18:28.1194520,1036,425
2023-11-16 18:18:28.3574120,405,105
2023-11-16 18:18:28.3965080,1269,451
2023-11-16 18:18:29.1642990,918,397
2023-11-16 18:18:29.4372930,4076,51
2023-11-16 18:18:30.2412200,1042,472
2023-11-16 18:18:30.4376460,409,146
2023-11-16 18:18:30.9367640,942,104
2023-11-16 18:18:31.2597480,4088,67
2023-11-16 18:18:31.4200400,203,217
2023-11-16 18:18:31.5319360,4086,37
2023-11-16 18:18:31.7842030,1071,386
2023-11-16 18:18:32.1581070,200,161
2023-11-16 18:18:32.4718780,181,118
2023-11-16 18:18:32.9690150,1201,546
2023-11-16 18:18:33.1333960,373,57
2023-11-16 18:18:33.5195400,130,199
2023-11-16 18:18:33.8495520,91,16
2023-11-16 18:18:34.1989740,394,94
2023-11-16 18:18:34.4170260,1146,380
2023-11-16 18:18:34.5144890,1091,436
2023-11-16 18:18:35.1642470,411,93
2023-11-16 18:18:36.2720800,396,65
2023-11-16 18:18:36.5610440,4073,29
2023-11-16 18:18:36.6232030,1046,429
2023-11-16 18:18:36.9009410,3067,101
2023-11-16 18:18:37.4977210,1117,428
2023-11-16 18:18:37.5924350,403,106
2023-11-16 18:18:37.9442660,403,101
2023-11-16 18:18:38.4672110,1209,403
2023-11-16 18:18:39.2539150,1036,411
2023-11-16 18:18:39.6769020,200,217
2023-11-16 18:18:39.9116680,1142,436
2023-11-16 18:18:40.8664420,323,18
2023-11-16 18:18:41.1395180,1039,593
2023-11-16 18:18:41.8476660,206,165
2023-11-16 18:18:42.0699410,373,66
2023-11-16 18:18:42.2136360,203,167
2023-11-16 18:18:42.6561570,1241,421
2023-11-16 18:18:42.8044870,4075,63
2023-11-16 18:18:43.0991360,1436,386
2023-11-16 18:18:43.5116460,386,49
2023-11-16 18:18:43.5749260,212,217
2023-11-16 18:18:43.6802780,181,112
2023-11-16 18:18:44.1069680,395,142
2023-11-16 18:18:44.9010530,395,91
2023-11-16 18:18:45.4272570,200,167
2023-11-16 18:18:45.4495910,4074,67
2023-11-16 18:18:45.6340250,391,93
2023-11-16 18:18:45.8416490,1007,379
2023-11-16 18:18:46.0553450,913,398
2023-11-16 18:18:46.2287290,385,84
2023-11-16 18:18:46.5758420,1161,408
2023-11-16 18:18:47.3050460,4080,35
2023-11-16 18:18:47.4849730,1116,401
2023-11-16 18:18:47.6529960,1015,397
2023-11-16 18:18:47.7525750,1320,201
2023-11-16 18:18:47.7803630,416,153
2023-11-16 18:18:48.3233200,1288,418
2023-11-16 18:18:48.4244850,400,82
2023-11-16 18:18:48.6073810,402,134
2023-11-16 18:18:48.7249820,1312,204
2023-11-16 18:18:49.2049670,1042,373
2023-11-16 18:18:49.6060390,1067,398
2023-11-16 18:18:50.0427920,1129,396
2023-11-16 18:18:50.5479510,401,144
2023-11-16 18:18:50.7795180,407,122
2023-11-16 18:18:51.0082060,1088,407
2023-11-16 18:18:51.2659710,967,398
2023-11-16 18:18:51.4984900,1160,392
2023-11-16 18:18:51.7592250,4082,31
2023-11-16 18:18:52.3626310,91,24
2023-11-16 18:18:52.4626260,383,58
2023-11-16 18:18:52.5385130,1034,550
2023-11-16 18:18:52.6021970,4083,46
2023-11-16 18:18:53.1774630,998,373
2023-11-16 18:18:53.5713290,1317,268
2023-11-16 18:18:53.7347540,167,168
2023-11-16 18:18:53.8966600,3053,69
2023-11-16 18:18:53.9893020,4080,61
2023-11-16 18:18:54.5128610,1314,161
2023-11-16 18:18:54.7794720,2584,150
2023-11-16 18:18:55.0450840,370,69
2023-11-16 18:18:55.0753440,1129,136
2023-11-16 18:18:55.2914420,1297,368
2023-11-16 18:18:55.3015330,377,53
2023-11-16 18:18:55.5677710,4078,62
2023-11-16 18:18:56.4811580,1208,413
2023-11-16 18:18:57.1897410,4132,75
2023-11-16 18:18:57.5744330,425,96
2023-11-16 18:18:57.7391160,134,202
2023-11-16 18:18:58.3866190,1027,405
2023-11-16 18:18:58.6383220,391,93
2023-11-16 18:18:59.5217170,371,58
2023-11-16 18:18:59.9552160,1296,398
2023-11-16 18:19:00.2010520,394,104
2023-11-16 18:19:00.5422800,2786,99
2023-11-16 18:19:00.8758150,91,16
2023-11-16 18:19:01.5718270,4077,40
2023-11-16 18:19:01.9268350,998,518
2023-11-16 18:19:02.0879840,1033,394
2023-11-16 18:19:02.1689510,4126,113
2023-11-16 18:19:02.5711640,4075,58
2023-11-16 18:19:03.2017610,420,104
2023-11-16 18:19:03.8825600,406,89
2023-11-16 18:19:04.1450200,4089,68
2023-11-16 18:19:04.7655230,4095,50
2023-11-16 18:19:05.4795310,1133,432
2023-11-16 18:19:05.5030720,1005,111
2023-11-16 18:19:05.7763550,1198,396
2023-11-16 18:19:06.2590390,4084,66
2023-11-16 18:19:06.8598960,1112,404
2023-11-16 18:19:07.0176670,431,99
2023-11-16 18:19:07.4540660,400,85
2023-11-16 18:19:07.8327280,4075,28
2023-11-16 18:19:08.7606470,1216,456
2023-11-16 18:19:09.0615460,218,179
2023-11-16 18:19:09.1674880,391,93
2023-11-16 18:19:09.3845110,22,147
2023-11-16 18:19:09.7628180,1318,139
2023-11-16 18:19:10.0831220,1135,410
2023-11-16 18:19:10.2283200,1249,413
2023-11-16 18:19:10.4569570,163,158
2023-11-16 18:19:10.7955000,871,103
2023-11-16 18:19:11.3223190,978,401
2023-11-16 18:19:11.8579310,372,67
2023-11-16 18:19:12.1792540,1262,373
2023-11-16 18:19:12.4218740,237,14
2023-11-16 18:19:12.4574690,1196,385
2023-11-16 18:19:12.9197430,1102,427
2023-11-16 18:19:13.5313630,392,74
2023-11-16 18:19:14.2825160,1111,415
2023-11-16 18:19:14.3577740,987,393
2023-11-16 18:19:15.1191840,3744,67
2023-11-16 18:19:15.3706150,908,90
2023-11-16 18:19:15.8090160,1296,448
2023-11-16 18:19:16.3412940,1035,411
2023-11-16 18:19:16.5605070,167,205
2023-11-16 18:19:16.6982440,907,429
2023-11-16 18:19:16.7844720,1361,98
2023-11-16 18:19:16.8715510,203,217
2023-11-16 18:19:16.9670930,1082,105
2023-11-16 18:19:17.1876740,4093,35
2023-11-16 18:19:17.9193640,416,144
2023-11-16 18:19:18.1241700,380,112
2023-11-16 18:19:18.2896000,197,217
2023-11-16 18:19:18.4577720,368,62
2023-11-16 18:19:18.4862560,405,142
2023-11-16 18:19:18.6205980,910,60
2023-11-16 18:19:19.2563160,994,396
2023-11-16 18:19:19.5766160,4070,77
2023-11-16 18:19:19.9516330,4093,60
2023-11-16 18:19:20.0852290,404,101
2023-11-16 18:19:20.3042060,1001,371
2023-11-16 18:19:20.4343100,1118,385
2023-11-16 18:19:20.6617880,4084,36
2023-11-16 18:19:20.7198250,374,70
2023-11-16 18:19:21.0153150,1318,151
2023-11-16 18:19:21.4507790,167,217
2023-11-16 18:19:22.5271860,399,91
2023-11-16 18:19:22.8549790,914,100
2023-11-16 18:19:23.2317240,923,416
2023-11-16 18:19:24.2506980,206,171
2023-11-16 18:19:24.5130800,1231,416
2023-11-16 18:19:24.7555710,374,73
2023-11-16 18:19:24.9821160,181,209
2023-11-16 18:19:25.4593490,4079,53
2023-11-16 18:19:25.6637020,165,158
2023-11-16 18:19:26.1491810,4119,59
2023-11-16 18:19:26.5652640,1120,397
2023-11-16 18:19:26.9989210,405,96
2023-11-16 18:19:27.5047020,442,78
2023-11-16 18:19:28.0895170,1009,399
2023-11-16 18:19:28.6392080,1009,399
2023-11-16 18:19:28.7734430,1133,432
2023-11-16 18:19:29.0507950,1296,405
2023-11-16 18:19:29.3904840,1321,180
2023-11-16 18:19:30.0611600,440,84
2023-11-16 18:19:31.1824020,420,103
2023-11-16 18:19:31.7112010,1199,373
2023-11-16 18:19:31.8697660,4122,73
2023-11-16 18:19:32.2002140,203,217
2023-11-16 18:19:32.3776190,4082,128
2023-11-16 18:19:32.8793440,1165,409
2023-11-16 18:19:33.0364000,414,101
2023-11-16 18:19:33.1724150,1865,122
2023-11-16 18:19:33.1775130,1083,429
2023-11-16 18:19:33.9745910,4085,37
2023-11-16 18:19:34.1730910,203,183
2023-11-16 18:19:34.8329210,1133,429
2023-11-16 18:19:34.9989210,1199,396
2023-11-16 18:19:35.1741110,1031,397
2023-11-16 18:19:35.4655620,980,516
2023-11-16 18:19:35.5959310,405,128
2023-11-16 18:19:35.6975570,1313,169
2023-11-16 18:19:35.7831860,1052,101
2023-11-16 18:19:36.1927120,1049,395
2023-11-16 18:19:36.4794780,91,16
2023-11-16 18:19:36.8848090,206,186
2023-11-16 18:19:37.3491540,4089,50
2023-11-16 18:19:37.3718180,1196,425
2023-11-16 18:19:37.4669350,388,92
2023-11-16 18:19:37.6881850,173,158
2023-11-16 18:19:37.7576120,963,407
2023-11-16 18:19:38.0915140,379,59
2023-11-16 18:19:38.2824370,1146,425
2023-11-16 18:19:38.6092160,191,217
2023-11-16 18:19:38.9199360,1204,412
2023-11-16 18:19:39.1011590,1207,386
2023-11-16 18:19:39.1983050,396,95
2023-11-16 18:19:39.3317100,396,96
2023-11-16 18:19:39.3527310,1262,415
2023-11-16 18:19:39.5263260,371,85
2023-11-16 18:19:39.9431450,1186,371
2023-11-16 18:19:40.0788690,1008,373
2023-11-16 18:19:40.2131420,1181,426
2023-11-16 18:19:40.5811660,2216,49
2023-11-16 18:19:41.7435840,1060,397
2023-11-16 18:19:42.1029470,763,30
2023-11-16 18:19:43.1269580,1035,411
2023-11-16 18:19:43.6407410,394,110
2023-11-16 18:19:43.9618070,1264,440
2023-11-16 18:19:44.2605140,4089,84
2023-11-16 18:19:44.3693430,395,88
2023-11-16 18:19:44.7573760,1004,396
2023-11-16 18:19:45.1191660,1031,397
2023-11-16 18:19:45.6524360,171,198
2023-11-16 18:19:46.0578640,4071,46
2023-11-16 18:19:46.4830990,419,93
2023-11-16 18:19:46.8651680,1146,394
2023-11-16 18:19:47.7313560,1264,418
2023-11-16 18:19:48.2923810,415,142
2023-11-16 18:19:48.9704040,1312,134
2023-11-16 18:19:49.0435050,1196,373
2023-11-16 18:19:49.3145370,1024,393
2023-11-16 18:19:49.9451680,1318,918
2023-11-16 18:19:50.7059790,432,95
2023-11-16 18:19:51.3344230,371,78
2023-11-16 18:19:51.6645710,2636,82
2023-11-16 18:19:52.0918280,1072,468
2023-11-16 18:19:52.5444200,396,105
2023-11-16 18:19:53.2977170,209,179
2023-11-16 18:19:54.1465130,206,183
2023-11-16 18:19:54.4395510,1025,414
2023-11-16 18:19:54.7022780,944,40
2023-11-16 18:19:55.0825960,1211,368
2023-11-16 18:19:55.1950620,408,129
2023-11-16 18:19:55.7150250,419,130
2023-11-16 18:19:55.9149020,30,164
2023-11-16 18:19:56.1217250,1150,387
2023-11-16 18:19:56.2750580,1009,399
2023-11-16 18:19:56.8518960,1027,414
2023-11-16 18:19:57.0488850,388,103
2023-11-16 18:19:57.4269940,1029,438
2023-11-16 18:19:58.3328430,1205,391
2023-11-16 18:19:58.7595090,369,52
2023-11-16 18:19:59.2325540,1049,395
2023-11-16 18:19:59.5026660,1010,397
2023-11-16 18:19:59.9785710,981,393
2023-11-16 18:20:00.1129950,1076,51
2023-11-16 18:20:00.1820790,4076,104
2023-11-16 18:20:00.3990360,4076,59
2023-11-16 18:20:00.7185290,379,60
2023-11-16 18:20:00.9759550,1596,52
2023-11-16 18:20:01.2096990,1201,45
2023-11-16 18:20:01.6262450,4075,136
2023-11-16 18:20:02.0413840,931,92
2023-11-16 18:20:02.0966660,1351,145
2023-11-16 18:20:02.6570100,1227,392
2023-11-16 18:20:02.9438670,1007,385
2023-11-16 18:20:03.2511690,130,185
2023-11-16 18:20:03.3930570,380,86
2023-11-16 18:20:03.6728730,1136,377
2023-11-16 18:20:03.8461290,1262,395
2023-11-16 18:20:03.9012910,91,16
2023-11-16 18:20:04.3071890,1112,432
2023-11-16 18:20:04.8659490,1120,397
2023-11-16 18:20:05.3552530,1156,396
2023-11-16 18:20:05.5566190,1060,411
2023-11-16 18:20:06.2552110,206,211
2023-11-16 18:20:07.1052520,375,77
2023-11-16 18:20:07.3403980,435,103
2023-11-16 18:20:07.9871530,1211,408
2023-11-16 18:20:08.1384890,1227,656
2023-11-16 18:20:08.6999540,1024,429
2023-11-16 18:20:08.7447290,200,174
2023-11-16 18:20:09.0725750,20,182
2023-11-16 18:20:09.4515220,383,75
2023-11-16 18:20:09.6358300,1060,429
2023-11-16 18:20:09.9215430,1030,411
2023-11-16 18:20:10.3562850,980,425
2023-11-16 18:20:10.8540370,402,97
2023-11-16 18:20:11.4490860,998,415
2023-11-16 18:20:11.6892850,1156,390
2023-11-16 18:20:11.7580830,1264,395
2023-11-16 18:20:11.9948160,373,75
2023-11-16 18:20:12.7637560,1025,428
2023-11-16 18:20:13.0410260,439,161
2023-11-16 18:20:13.3215410,1130,45
2023-11-16 18:20:13.6544370,383,56
2023-11-16 18:20:14.3952280,206,179
2023-11-16 18:20:15.5944640,120,12
2023-11-16 18:20:15.9225800,1989,88
2023-11-16 18:20:16.2435300,4079,142
2023-11-16 18:20:16.4649160,392,122
2023-11-16 18:20:16.9989710,1146,418
2023-11-16 18:20:17.3012480,1036,403
2023-11-16 18:20:18.0942140,1216,392
2023-11-16 18:20:18.4631210,1474,94
2023-11-16 18:20:19.0864260,1227,383
2023-11-16 18:20:19.7592910,1031,397
2023-11-16 18:20:20.3239240,4100,48
2023-11-16 18:20:20.8727030,983,373
2023-11-16 18:20:21.1160500,406,81
2023-11-16 18:20:21.3505950,181,257
2023-11-16 18:20:22.0810210,1029,418
2023-11-16 18:20:22.1391180,1144,395
2023-11-16 18:20:22.2685090,1151,407
2023-11-16 18:20:22.3538760,1017,386
2023-11-16 18:20:22.6661600,380,81
2023-11-16 18:20:23.2844960,1191,409
2023-11-16 18:20:23.6796730,1102,612
2023-11-16 18:20:23.8197090,1064,394
2023-11-16 18:20:24.3927920,981,400
2023-11-16 18:20:25.0644470,1033,406
2023-11-16 18:20:25.3916710,3411,64
2023-11-16 18:20:25.8672020,4138,84
2023-11-16 18:20:25.9262980,1115,413
2023-11-16 18:20:26.3237210,1143,393
2023-11-16 18:20:26.7886780,1024,419
2023-11-16 18:20:27.1132410,1083,399
2023-11-16 18:20:27.2208510,1046,438
2023-11-16 18:20:27.4263900,1317,192
2023-11-16 18:20:27.5539080,1036,538
2023-11-16 18:20:28.0849030,398,94
2023-11-16 18:20:28.4864800,1009,399
2023-11-16 18:20:28.5126140,403,94
2023-11-16 18:20:28.5860860,181,136
2023-11-16 18:20:28.9410330,1070,387
2023-11-16 18:20:29.1562380,1171,402
2023-11-16 18:20:29.8380930,1111,396
2023-11-16 18:20:30.0676770,1150,389
2023-11-16 18:20:30.2355240,1015,446
2023-11-16 18:20:30.7300090,1317,135
2023-11-16 18:20:30.7654820,1082,385
2023-11-16 18:20:31.6557520,1170,422
2023-11-16 18:20:31.7149760,1896,68
2023-11-16 18:20:32.6490870,1039,397
2023-11-16 18:20:32.6733710,2275,99
2023-11-16 18:20:33.3778690,1020,400
2023-11-16 18:20:33.4492620,1088,421
2023-11-16 18:20:33.5451830,420,112
2023-11-16 18:20:34.0320230,4087,103
2023-11-16 18:20:34.2763400,1119,395
2023-11-16 18:20:34.3760780,1191,409
2023-11-16 18:20:34.7920960,1054,411
2023-11-16 18:20:35.7195730,1046,399
2023-11-16 18:20:37.0169540,402,87
2023-11-16 18:20:37.2915950,1170,394
2023-11-16 18:20:37.3579310,375,67
2023-11-16 18:20:38.0756240,373,56
2023-11-16 18:20:38.4700320,1082,385
2023-11-16 18:20:38.8660090,1015,572
2023-11-16 18:20:39.4153060,1227,420
2023-11-16 18:20:39.7855750,1149,423
2023-11-16 18:20:40.2655980,1063,428
2023-11-16 18:20:40.3899500,1085,442
2023-11-16 18:20:40.9572200,4079,58
2023-11-16 18:20:41.3400880,421,77
2023-11-16 18:20:41.4875120,373,72
2023-11-16 18:20:41.5930450,1072,415
2023-11-16 18:20:42.0772050,1141,411
2023-11-16 18:20:42.7545860,405,90
2023-11-16 18:20:43.3275070,1057,439
2023-11-16 18:20:43.4727490,1094,376
2023-11-16 18:20:43.6674270,1148,614
2023-11-16 18:20:44.2751960,1106,434
2023-11-16 18:20:44.6185650,1226,407
2023-11-16 18:20:44.7324730,1082,391
2023-11-16 18:20:45.1763390,1018,390
2023-11-16 18:20:45.7775570,435,114
2023-11-16 18:20:46.3386010,1099,410
2023-11-16 18:20:46.5646040,1317,235
2023-11-16 18:20:46.8616090,1139,674
2023-11-16 18:20:47.1702840,1009,397
2023-11-16 18:20:47.6482630,1008,395
2023-11-16 18:20:48.0267190,1054,419
2023-11-16 18:20:48.7195220,1102,396
2023-11-16 18:20:48.9252620,1785,137
2023-11-16 18:20:49.4270620,1179,511
2023-11-16 18:20:49.6952900,1230,413
2023-11-16 18:20:49.9588990,1029,71
2023-11-16 18:20:50.2064450,1051,420
2023-11-16 18:20:50.7969260,1136,375
2023-11-16 18:20:50.9466450,4081,41
2023-11-16 18:20:51.3829570,1139,428
2023-11-16 18:20:51.7270790,1034,519
2023-11-16 18:20:51.8844910,181,246
2023-11-16 18:20:51.9668570,396,136
2023-11-16 18:20:52.6387480,1176,548
2023-11-16 18:20:52.8072430,1282,66
2023-11-16 18:20:53.3404130,390,96
2023-11-16 18:20:53.8674870,1025,591
2023-11-16 18:20:54.3053640,4083,37
2023-11-16 18:20:54.7913510,1209,522
2023-11-16 18:20:54.8040140,1314,202
2023-11-16 18:20:54.8306710,969,554
2023-11-16 18:20:55.1081440,403,91
2023-11-16 18:20:55.2564780,692,109
2023-11-16 18:20:55.9863710,1041,385
2023-11-16 18:20:56.4433020,857,117
2023-11-16 18:20:57.5215810,1036,394
2023-11-16 18:20:57.9351490,1313,148
2023-11-16 18:20:58.1640530,4076,39
2023-11-16 18:20:58.3151580,1314,218
2023-11-16 18:20:58.3785900,1013,439
2023-11-16 18:20:59.1404500,986,441
2023-11-16 18:20:59.2779780,3287,47
2023-11-16 18:20:59.5972010,1160,639
2023-11-16 18:21:00.2327220,1036,650
2023-11-16 18:21:00.7612140,1154,482
2023-11-16 18:21:00.8084490,1082,538
2023-11-16 18:21:00.9501390,979,622
2023-11-16 18:21:01.9339290,1232,80
2023-11-16 18:21:02.0820640,1024,385
2023-11-16 18:21:03.6498590,1226,393
2023-11-16 18:21:04.0785780,1032,502
2023-11-16 18:21:04.1751240,311,18
2023-11-16 18:21:04.6170320,401,130
2023-11-16 18:21:05.6877620,1176,383
2023-11-16 18:21:06.0229850,1312,132
2023-11-16 18:21:06.2236120,1203,385
2023-11-16 18:21:06.7155740,1018,388
2023-11-16 18:21:06.8213350,1112,431
2023-11-16 18:21:06.9856260,1162,427
2023-11-16 18:21:07.6251830,1199,534
2023-11-16 18:21:07.7208210,1052,412
2023-11-16 18:21:08.0789880,1083,407
2023-11-16 18:21:08.2356870,1053,394
2023-11-16 18:21:08.3696560,1028,374
2023-11-16 18:21:08.6935260,2199,59
2023-11-16 18:21:09.3045690,1005,394
2023-11-16 18:21:09.8240760,181,167
2023-11-16 18:21:10.1602040,4083,124
2023-11-16 18:21:11.7787920,992,97
2023-11-16 18:21:12.4963160,912,395
2023-11-16 18:21:13.1416960,388,88
2023-11-16 18:21:13.2918190,997,393
2023-11-16 18:21:13.4246540,1311,159
2023-11-16 18:21:14.1740530,1232,80
2023-11-16 18:21:14.6575140,1060,396
2023-11-16 18:21:14.7773190,1786,67
2023-11-16 18:21:14.9515400,247,14
2023-11-16 18:21:15.4187500,407,88
2023-11-16 18:21:15.8575330,1030,375
2023-11-16 18:21:16.1178250,385,67
2023-11-16 18:21:17.0336590,1046,393
2023-11-16 18:21:17.4431230,985,552
2023-11-16 18:21:19.1165990,181,126
2023-11-16 18:21:20.1167970,1089,412
2023-11-16 18:21:20.3639300,1097,393
2023-11-16 18:21:21.0390000,333,18
2023-11-16 18:21:21.4085020,396,107
2023-11-16 18:21:22.6578820,1315,198
2023-11-16 18:21:22.7849160,4085,54
2023-11-16 18:21:22.9585170,1064,396
2023-11-16 18:21:23.1397060,1214,406
2023-11-16 18:21:23.4534500,1033,406
2023-11-16 18:21:23.5480280,1025,401
2023-11-16 18:21:24.1487040,1019,52
2023-11-16 18:21:24.3749400,181,263
2023-11-16 18:21:24.6819100,1201,401
2023-11-16 18:21:25.8331130,417,117
2023-11-16 18:21:26.4090240,1027,569
2023-11-16 18:21:27.2659380,409,95
2023-11-16 18:21:27.8752760,1009,411
2023-11-16 18:21:28.0216720,1109,377
2023-11-16 18:21:28.8247140,1066,379
2023-11-16 18:21:28.9213780,1201,391
2023-11-16 18:21:28.9487600,1003,394
2023-11-16 18:21:29.4807730,1018,388
2023-11-16 18:21:29.6023940,3021,135
2023-11-16 18:21:30.0689450,1312,283
2023-11-16 18:21:30.5810720,998,447
2023-11-16 18:21:31.0198200,1314,231
2023-11-16 18:21:31.6457670,1023,388
2023-11-16 18:21:31.8320510,1019,394
2023-11-16 18:21:32.2319680,4097,43
2023-11-16 18:21:33.0642830,404,83
2023-11-16 18:21:33.8059800,12,139
2023-11-16 18:21:34.3186290,1134,379
2023-11-16 18:21:34.3750790,429,115
2023-11-16 18:21:34.5171240,1223,444
2023-11-16 18:21:34.8565420,1009,397
2023-11-16 18:21:35.4037260,3585,125
2023-11-16 18:21:35.5549790,1102,427
2023-11-16 18:21:36.0086040,1086,393
2023-11-16 18:21:36.4200720,1059,397
2023-11-16 18:21:36.9981590,371,53
2023-11-16 18:21:37.6611850,4092,44
2023-11-16 18:21:38.1494930,1083,403
2023-11-16 18:21:38.2506080,1063,386
2023-11-16 18:21:38.6922770,1017,398
2023-11-16 18:21:39.5411210,1060,365
2023-11-16 18:21:39.6978710,1053,414
2023-11-16 18:21:39.9821930,1097,418
2023-11-16 18:21:40.1227290,1143,70
2023-11-16 18:21:41.1512740,1155,75
2023-11-16 18:21:41.6962930,1068,401
2023-11-16 18:21:42.0283390,1032,447
2023-11-16 18:21:42.3633850,1015,399
2023-11-16 18:21:42.5744090,685,120
2023-11-16 18:21:43.3907010,1173,385
2023-11-16 18:21:43.6725090,2042,56
2023-11-16 18:21:44.0422810,17,120
2023-11-16 18:21:44.7886660,439,98
2023-11-16 18:21:45.1225590,1023,406
2023-11-16 18:21:45.2259250,404,144
2023-11-16 18:21:46.4109350,1044,413
2023-11-16 18:21:46.7125260,393,113
2023-11-16 18:21:46.8177060,1102,408
2023-11-16 18:21:47.2609820,1146,396
2023-11-16 18:21:47.6418720,1048,396
2023-11-16 18:21:47.7427830,4076,48
2023-11-16 18:21:48.0685000,2279,85
2023-11-16 18:21:48.5144000,1156,390
2023-11-16 18:21:48.8984800,1034,479
2023-11-16 18:21:49.5150300,1044,35
2023-11-16 18:21:49.8804700,1026,400
2023-11-16 18:21:50.7129840,62,152
2023-11-16 18:21:51.0475490,998,373
2023-11-16 18:21:52.4748750,2374,116
2023-11-16 18:21:53.2751260,1099,410
2023-11-16 18:21:53.7591410,4078,42
2023-11-16 18:21:53.8244880,1071,415
2023-11-16 18:21:54.1792790,238,14
2023-11-16 18:21:54.5144390,1020,502
2023-11-16 18:21:55.0433960,4083,42
2023-11-16 18:21:55.7241550,421,93
2023-11-16 18:21:55.9155010,2584,113
2023-11-16 18:21:56.6640540,1628,48
2023-11-16 18:21:56.7187210,383,84
2023-11-16 18:21:56.9119140,4132,60
2023-11-16 18:21:57.0828480,1046,395
2023-11-16 18:21:57.3308110,1351,186
2023-11-16 18:21:57.7216540,410,100
2023-11-16 18:21:58.9593680,1034,429
2023-11-16 18:22:00.1499240,1121,506
2023-11-16 18:22:01.3078520,1081,388
2023-11-16 18:22:01.4787080,30,182
2023-11-16 18:22:01.9192480,4484,64
2023-11-16 18:22:02.9608220,1191,407
2023-11-16 18:22:03.3813350,459,562
2023-11-16 18:22:03.4819190,6445,51
2023-11-16 18:22:03.7731430,1070,392
2023-11-16 18:22:04.0431120,1081,414
2023-11-16 18:22:04.6802690,1320,192
2023-11-16 18:22:04.8485110,2374,120
2023-11-16 18:22:05.1531420,238,14
2023-11-16 18:22:05.6713260,1072,398
2023-11-16 18:22:06.2109630,373,60
2023-11-16 18:22:06.6660900,1142,491
2023-11-16 18:22:06.9283250,1044,394
2023-11-16 18:22:07.2440490,406,91
2023-11-16 18:22:07.6064820,1010,635
2023-11-16 18:22:08.2284040,1115,413
2023-11-16 18:22:08.2854120,1045,390
2023-11-16 18:22:08.6434050,1163,386
2023-11-16 18:22:09.4725800,457,98
2023-11-16 18:22:09.5212030,1313,135
2023-11-16 18:22:10.3725080,1170,939
2023-11-16 18:22:10.4907270,2001,74
2023-11-16 18:22:11.0368370,966,403
2023-11-16 18:22:12.1626630,1201,402
2023-11-16 18:22:12.7097910,238,14
2023-11-16 18:22:13.4073060,1025,394
2023-11-16 18:22:13.6809880,1312,141
2023-11-16 18:22:14.1551600,1036,388
2023-11-16 18:22:14.6726030,444,101
2023-11-16 18:22:14.7777220,1036,590
2023-11-16 18:22:15.1904740,380,61
2023-11-16 18:22:15.6378960,1052,378
2023-11-16 18:22:15.7577900,1097,409
2023-11-16 18:22:16.1750060,1036,397
2023-11-16 18:22:16.6209760,1043,397
2023-11-16 18:22:16.7939590,1105,429
2023-11-16 18:22:17.2489240,1033,403
2023-11-16 18:22:17.7391090,981,402
2023-11-16 18:22:17.8697370,1010,401
2023-11-16 18:22:18.6877490,1145,374
2023-11-16 18:22:18.8186820,1080,395
2023-11-16 18:22:19.4451860,1321,182
2023-11-16 18:22:19.4981210,1004,394
2023-11-16 18:22:20.2927550,2637,140
2023-11-16 18:22:21.0111260,978,391
2023-11-16 18:22:21.1515480,400,103
2023-11-16 18:22:21.3045720,1045,393
2023-11-16 18:22:22.0514390,1002,407
2023-11-16 18:22:22.1286590,1060,415
2023-11-16 18:22:22.3611800,2584,161
2023-11-16 18:22:22.4541160,1219,429
2023-11-16 18:22:22.6900940,1100,371
2023-11-16 18:22:23.2779720,1064,414
2023-11-16 18:22:24.0619610,1003,418
2023-11-16 18:22:24.5528590,1656,82
2023-11-16 18:22:24.6825000,1146,440
2023-11-16 18:22:24.9180970,1136,518
2023-11-16 18:22:25.8926230,18,128
2023-11-16 18:22:26.2856140,12,231
2023-11-16 18:22:26.5240650,434,77
2023-11-16 18:22:26.9021180,1069,410
2023-11-16 18:22:27.2800080,2584,154
2023-11-16 18:22:27.4416440,998,411
2023-11-16 18:22:27.7521060,4074,83
2023-11-16 18:22:28.5199580,1065,474
2023-11-16 18:22:29.1198320,398,95
2023-11-16 18:22:29.3559720,1056,417
2023-11-16 18:22:29.6068370,1044,396
2023-11-16 18:22:29.8263380,1075,466
2023-11-16 18:22:30.1845550,401,89
2023-11-16 18:22:30.6805700,1312,157
2023-11-16 18:22:31.9986720,1027,390
2023-11-16 18:22:32.1450710,1133,423
2023-11-16 18:22:32.4586320,1082,522
2023-11-16 18:22:32.9261530,1314,210
2023-11-16 18:22:32.9859470,238,14
2023-11-16 18:22:33.4423160,1200,406
2023-11-16 18:22:33.6369430,413,137
2023-11-16 18:22:34.1075090,1059,622
2023-11-16 18:22:34.4289240,1069,419
2023-11-16 18:22:34.6926000,1012,434
2023-11-16 18:22:35.3433490,401,80
2023-11-16 18:22:35.5950510,1028,396
2023-11-16 18:22:35.7669450,1133,507
2023-11-16 18:22:37.0950650,4091,44
2023-11-16 18:22:37.2747220,1036,422
2023-11-16 18:22:37.6454580,1097,411
2023-11-16 18:22:38.4547770,1096,514
2023-11-16 18:22:39.4550310,4091,78
2023-11-16 18:22:40.0886120,1082,428
2023-11-16 18:22:40.5081420,11,141
2023-11-16 18:22:40.6522040,1093,396
2023-11-16 18:22:40.7293640,1085,375
2023-11-16 18:22:41.0315880,1174,411
2023-11-16 18:22:41.6827940,1086,410
2023-11-16 18:22:42.7785980,1088,363
2023-11-16 18:22:43.4569570,1029,401
2023-11-16 18:22:43.9147210,1029,405
2023-11-16 18:22:44.0072500,2675,97
2023-11-16 18:22:44.4089150,956,59
2023-11-16 18:22:44.7669840,1053,385
2023-11-16 18:22:45.7542090,4106,99
2023-11-16 18:22:46.4716990,1038,401
2023-11-16 18:22:46.6995000,15,134
2023-11-16 18:22:47.2197940,424,102
2023-11-16 18:22:47.4837710,1006,488
2023-11-16 18:22:48.4592060,404,96
2023-11-16 18:22:48.8533540,1314,138
2023-11-16 18:22:49.5273170,397,93
2023-11-16 18:22:49.8647860,2312,107
2023-11-16 18:22:51.2853360,2739,97
2023-11-16 18:22:51.6313050,2675,84
2023-11-16 18:22:52.1798350,415,93
2023-11-16 18:22:52.4397450,398,127
2023-11-16 18:22:52.8065900,1089,394
2023-11-16 18:22:53.1195580,1786,50
2023-11-16 18:22:53.6259980,1317,180
2023-11-16 18:22:54.2534570,1116,368
2023-11-16 18:22:54.9115970,4081,53
2023-11-16 18:22:54.9514780,1020,385
2023-11-16 18:22:55.4616210,1055,395
2023-11-16 18:22:56.0410500,1062,398
2023-11-16 18:22:56.5295260,238,14
2023-11-16 18:22:56.9948010,1026,379
2023-11-16 18:22:57.0665850,1325,198
2023-11-16 18:22:57.1897860,438,93
2023-11-16 18:22:57.5458940,388,93
2023-11-16 18:22:58.9851840,22,131
2023-11-16 18:22:59.4250900,1052,400
2023-11-16 18:22:59.6075950,1019,427
2023-11-16 18:22:59.6519460,902,29
2023-11-16 18:23:00.0597880,2006,175
2023-11-16 18:23:00.5219540,1349,172
2023-11-16 18:23:01.3507440,1095,387
2023-11-16 18:23:02.2336300,1090,414
2023-11-16 18:23:02.9493880,1091,397
2023-11-16 18:23:04.3719380,2312,107
2023-11-16 18:23:04.5447880,1001,375
2023-11-16 18:23:04.7496860,1056,499
2023-11-16 18:23:05.3372210,1062,416
2023-11-16 18:23:05.5161640,1070,373
2023-11-16 18:23:05.9630100,388,75
2023-11-16 18:23:06.4626410,1027,660
2023-11-16 18:23:06.7861330,1164,444
2023-11-16 18:23:07.2063100,1136,396
2023-11-16 18:23:07.6749290,2739,111
2023-11-16 18:23:07.8802200,1094,575
2023-11-16 18:23:08.7657100,991,394
2023-11-16 18:23:10.0941710,976,388
2023-11-16 18:23:10.4504910,2584,148
2023-11-16 18:23:10.4953070,1031,388
2023-11-16 18:23:11.1990930,1314,227
2023-11-16 18:23:11.4207270,1025,604
2023-11-16 18:23:11.8924110,1020,420
2023-11-16 18:23:12.0405010,998,385
2023-11-16 18:23:12.2827830,1112,394
2023-11-16 18:23:12.3707890,1351,148
2023-11-16 18:23:12.7229600,16,163
2023-11-16 18:23:12.9289870,1316,193
2023-11-16 18:23:13.0494020,2006,77
2023-11-16 18:23:13.9467460,1036,398
2023-11-16 18:23:14.2557100,1089,372
2023-11-16 18:23:14.6192640,1011,411
2023-11-16 18:23:15.7568350,1138,414
2023-11-16 18:23:15.9965440,1087,417
2023-11-16 18:23:16.2637580,1160,468
2023-11-16 18:23:16.3572160,4084,81
2023-11-16 18:23:16.5155420,1149,407
2023-11-16 18:23:16.7179020,1378,85
2023-11-16 18:23:16.9164530,1053,408
2023-11-16 18:23:17.1729920,1474,94
2023-11-16 18:23:17.1776140,401,95
2023-11-16 18:23:17.4995040,2445,84
2023-11-16 18:23:18.0037500,1179,398
2023-11-16 18:23:18.6488850,1034,395
2023-11-16 18:23:18.9230300,1134,394
2023-11-16 18:23:19.0445380,1157,416
2023-11-16 18:23:19.4222070,1059,448
2023-11-16 18:23:19.9244660,243,14
2023-11-16 18:23:20.0444250,1040,385
2023-11-16 18:23:20.5875550,1135,396
2023-11-16 18:23:20.7948980,1150,395
2023-11-16 18:23:21.3732030,379,70
2023-11-16 18:23:21.9566880,414,95
2023-11-16 18:23:22.7172560,238,14
2023-11-16 18:23:23.1780250,322,18
2023-11-16 18:23:23.5931910,970,403
2023-11-16 18:23:23.9917580,13,172
2023-11-16 18:23:24.1258610,980,372
2023-11-16 18:23:25.0530090,1005,394
2023-11-16 18:23:25.5160300,1169,451
2023-11-16 18:23:25.6302920,1083,395
2023-11-16 18:23:25.8459230,1034,398
2023-11-16 18:23:26.2166450,1073,422
2023-11-16 18:23:26.3975050,4125,55
2023-11-16 18:23:26.7287950,1017,394
2023-11-16 18:23:27.1660000,1312,156
2023-11-16 18:23:27.5779330,1096,396
2023-11-16 18:23:28.1791630,1050,412
2023-11-16 18:23:28.4014580,404,118
2023-11-16 18:23:28.8645960,1163,409
2023-11-16 18:23:29.4752890,1123,651
2023-11-16 18:23:29.5362900,315,18
2023-11-16 18:23:29.6482530,1014,398
2023-11-16 18:23:29.9650850,1069,523
2023-11-16 18:23:30.5590490,1474,109
2023-11-16 18:23:31.2426540,1086,419
2023-11-16 18:23:31.9715800,1088,382
2023-11-16 18:23:32.1619850,724,40
2023-11-16 18:23:32.7498300,1101,385
2023-11-16 18:23:33.4523470,960,413
2023-11-16 18:23:34.3502020,1111,396
2023-11-16 18:23:35.1704420,2611,55
2023-11-16 18:23:35.5396290,403,86
2023-11-16 18:23:36.1832480,4091,50
2023-11-16 18:23:37.9494840,1323,213
2023-11-16 18:23:38.0783500,397,181
2023-11-16 18:23:39.1043140,1316,207
2023-11-16 18:23:39.8250050,994,396
2023-11-16 18:23:40.2516050,961,388
2023-11-16 18:23:40.2782210,1053,380
2023-11-16 18:23:40.6811750,1131,432
2023-11-16 18:23:41.5953040,1074,377
2023-11-16 18:23:41.7672710,738,10
2023-11-16 18:23:42.5686670,738,20
2023-11-16 18:23:42.8922360,1040,399
2023-11-16 18:23:43.6407250,808,43
2023-11-16 18:23:43.8145710,1138,80
2023-11-16 18:23:44.0891830,120,12
2023-11-16 18:23:44.8398030,1128,428
2023-11-16 18:23:45.2141440,1124,411
2023-11-16 18:23:45.2358140,1013,394
2023-11-16 18:23:45.9015090,2700,74
2023-11-16 18:23:46.4518580,1148,393
2023-11-16 18:23:46.8889160,1337,79
2023-11-16 18:23:47.1305600,1051,396
2023-11-16 18:23:47.3899970,1148,375
2023-11-16 18:23:47.7644980,424,114
2023-11-16 18:23:47.8960730,1091,397
2023-11-16 18:23:48.7350180,4090,65
2023-11-16 18:23:48.8312660,1031,403
2023-11-16 18:23:49.1430300,1089,402
2023-11-16 18:23:50.1784470,391,87
2023-11-16 18:23:50.4290170,1013,396
2023-11-16 18:23:50.8672180,1084,429
2023-11-16 18:23:51.1408900,1061,117
2023-11-16 18:23:51.6696700,1183,501
2023-11-16 18:23:51.8192870,1167,398
2023-11-16 18:23:51.9116190,4085,28
2023-11-16 18:23:52.0036690,1006,397
2023-11-16 18:23:52.2992850,1022,413
2023-11-16 18:23:52.7871400,2584,139
2023-11-16 18:23:53.1521690,911,97
2023-11-16 18:23:53.4704010,389,87
2023-11-16 18:23:53.8098140,1010,391
2023-11-16 18:23:53.9752430,1024,396
2023-11-16 18:23:54.1242840,242,14
2023-11-16 18:23:54.5931020,995,449
2023-11-16 18:23:54.7368620,1020,74
2023-11-16 18:23:55.3406670,1717,28
2023-11-16 18:23:55.7006530,1051,427
2023-11-16 18:23:56.1185720,1313,204
2023-11-16 18:23:56.5825870,381,88
2023-11-16 18:23:56.7022870,243,14
2023-11-16 18:23:56.9346930,401,164
2023-11-16 18:23:57.1906300,1130,398
2023-11-16 18:23:57.2123690,1053,385
2023-11-16 18:23:57.4072080,25,165
2023-11-16 18:23:57.7355250,1023,396
2023-11-16 18:23:58.0880590,1360,90
2023-11-16 18:23:58.2790070,996,441
2023-11-16 18:23:58.3215760,1135,415
2023-11-16 18:23:58.3898450,408,100
2023-11-16 18:23:58.7446260,403,89
2023-11-16 18:23:58.9716640,390,79
2023-11-16 18:24:00.1101020,963,399
2023-11-16 18:24:00.4692930,1201,396
2023-11-16 18:24:00.9129170,1025,397
2023-11-16 18:24:01.7987960,984,409
2023-11-16 18:24:02.1815650,1011,384
2023-11-16 18:24:02.6413740,408,103
2023-11-16 18:24:03.2837770,1196,410
2023-11-16 18:24:03.6168450,985,421
2023-11-16 18:24:03.7749220,1027,414
2023-11-16 18:24:03.8428610,1071,384
2023-11-16 18:24:04.0412730,1171,523
2023-11-16 18:24:04.2603230,1821,84
2023-11-16 18:24:04.4895200,1047,99
2023-11-16 18:24:05.5169810,971,444
2023-11-16 18:24:05.7131950,4089,26
2023-11-16 18:24:06.2792920,1231,396
2023-11-16 18:24:06.8319130,1255,414
2023-11-16 18:24:07.2588530,1080,375
2023-11-16 18:24:07.3979360,383,48
2023-11-16 18:24:07.8463800,376,84
2023-11-16 18:24:07.8998390,1315,199
2023-11-16 18:24:08.2763240,422,67
2023-11-16 18:24:08.5317080,1360,94
2023-11-16 18:24:08.7240120,1313,137
2023-11-16 18:24:09.0097030,1161,395
2023-11-16 18:24:09.6486740,397,86
2023-11-16 18:24:09.8440710,1062,397
2023-11-16 18:24:10.0458040,4076,72
2023-11-16 18:24:11.1646640,1048,379
2023-11-16 18:24:12.2304810,3476,118
2023-11-16 18:24:12.5415030,1670,117
2023-11-16 18:24:13.0533090,1757,45
2023-11-16 18:24:13.1728520,247,14
2023-11-16 18:24:13.3790170,442,99
2023-11-16 18:24:13.6279160,1009,410
2023-11-16 18:24:14.5472400,1313,157
2023-11-16 18:24:15.1112400,1317,198
2023-11-16 18:24:15.1752170,1043,401
2023-11-16 18:24:15.4821850,1028,414
2023-11-16 18:24:16.3366620,4078,54
2023-11-16 18:24:16.6750850,1151,434
2023-11-16 18:24:17.6367250,427,93
2023-11-16 18:24:17.8169780,4071,56
2023-11-16 18:24:17.9914960,50,168
2023-11-16 18:24:18.4482360,396,93
2023-11-16 18:24:18.9279900,1040,396
2023-11-16 18:24:19.0969810,378,48
2023-11-16 18:24:19.6813510,1307,501
2023-11-16 18:24:19.9583490,1129,467
2023-11-16 18:24:20.2997810,1159,405
2023-11-16 18:24:20.6413510,967,419
2023-11-16 18:24:21.4532760,1171,526
2023-11-16 18:24:22.0841450,4164,63
2023-11-16 18:24:22.4600290,2169,150
2023-11-16 18:24:22.5364840,2910,88
2023-11-16 18:24:22.5984680,1046,398
2023-11-16 18:24:22.8129280,373,93
2023-11-16 18:24:23.2489480,377,51
2023-11-16 18:24:23.4350090,1508,76
2023-11-16 18:24:24.4732750,1196,410
2023-11-16 18:24:25.0096040,1020,394
2023-11-16 18:24:25.1153160,1045,378
2023-11-16 18:24:25.2649170,2236,101
2023-11-16 18:24:25.5701760,1084,418
2023-11-16 18:24:25.6583790,1137,509
2023-11-16 18:24:26.1930210,387,82
2023-11-16 18:24:27.1269560,4077,61
2023-11-16 18:24:27.2419760,1131,396
2023-11-16 18:24:27.8515660,4089,56
2023-11-16 18:24:28.1788980,1484,159
2023-11-16 18:24:29.1124690,1318,148
2023-11-16 18:24:30.1959220,1907,90
2023-11-16 18:24:30.7111230,2765,99
2023-11-16 18:24:31.0528660,403,135
2023-11-16 18:24:31.0642480,399,101
2023-11-16 18:24:31.2338820,1066,431
2023-11-16 18:24:31.3036690,1146,413
2023-11-16 18:24:31.8604850,1066,388
2023-11-16 18:24:31.8860150,387,68
2023-11-16 18:24:32.1160510,858,107
2023-11-16 18:24:32.3126030,2202,41
2023-11-16 18:24:32.5024850,1038,394
2023-11-16 18:24:32.7867150,435,117
2023-11-16 18:24:33.8834030,1190,403
2023-11-16 18:24:33.9743620,955,68
2023-11-16 18:24:34.4129480,406,96
2023-11-16 18:24:34.6243920,434,82
2023-11-16 18:24:35.5014360,988,375
2023-11-16 18:24:35.6547540,1531,70
2023-11-16 18:24:36.2671760,1142,79
2023-11-16 18:24:37.0887650,394,97
2023-11-16 18:24:37.2040880,4087,44
2023-11-16 18:24:37.3715770,1047,99
2023-11-16 18:24:37.4026980,647,74
2023-11-16 18:24:37.6652540,242,14
2023-11-16 18:24:37.8991370,1062,394
2023-11-16 18:24:37.9664320,431,99
2023-11-16 18:24:38.3603780,405,92
2023-11-16 18:24:38.9348220,387,68
2023-11-16 18:24:39.2453700,396,75
2023-11-16 18:24:40.3069160,1028,408
2023-11-16 18:24:40.7478710,19,178
2023-11-16 18:24:41.0326490,1023,396
2023-11-16 18:24:41.0639850,1028,379
2023-11-16 18:24:41.5154420,1907,84
2023-11-16 18:24:41.5570640,1364,480
2023-11-16 18:24:41.8577320,2744,60
2023-11-16 18:24:42.0020620,378,45
2023-11-16 18:24:42.3359960,1103,396
2023-11-16 18:24:42.5755890,404,91
2023-11-16 18:24:42.9119670,1128,502
2023-11-16 18:24:43.4808510,1018,395
2023-11-16 18:24:43.6076320,840,45
2023-11-16 18:24:44.4059280,376,145
2023-11-16 18:24:44.5139650,1030,393
2023-11-16 18:24:44.5997140,1992,66
2023-11-16 18:24:45.0704520,1043,377
2023-11-16 18:24:45.2784840,864,129
2023-11-16 18:24:46.0687640,1150,395
2023-11-16 18:24:46.5051050,325,18
2023-11-16 18:24:46.8988240,4093,52
2023-11-16 18:24:47.0077320,1052,373
2023-11-16 18:24:47.4532770,1002,373
2023-11-16 18:24:48.2285640,4079,79
2023-11-16 18:24:48.5395680,1369,44
2023-11-16 18:24:48.7010160,1868,82
2023-11-16 18:24:49.6007270,719,113
2023-11-16 18:24:50.1193770,1066,431
2023-11-16 18:24:50.3595710,1000,375
2023-11-16 18:24:50.4224590,404,68
2023-11-16 18:24:51.1562760,400,98
2023-11-16 18:24:51.8353950,1054,414
2023-11-16 18:24:51.8637780,396,90
2023-11-16 18:24:52.1634670,387,97
2023-11-16 18:24:53.3791210,2765,136
2023-11-16 18:24:53.8176710,3607,73
2023-11-16 18:24:54.5068540,1313,145
2023-11-16 18:24:54.7145130,1121,423
2023-11-16 18:24:54.7911700,1077,391
2023-11-16 18:24:55.0188110,4076,46
2023-11-16 18:24:56.4543680,384,69
2023-11-16 18:24:56.4798980,2058,91
2023-11-16 18:24:56.9055510,1386,125
2023-11-16 18:24:57.0687590,396,104
2023-11-16 18:24:57.0993970,4085,58
2023-11-16 18:24:57.2364640,2059,94
2023-11-16 18:24:57.7542590,1190,375
2023-11-16 18:24:58.1986540,1101,430
2023-11-16 18:24:58.3132680,719,113
2023-11-16 18:24:58.5988080,1024,395
2023-11-16 18:24:59.0505380,1126,397
2023-11-16 18:24:59.3932290,4138,73
2023-11-16 18:24:59.7391100,1091,401
2023-11-16 18:24:59.8652060,1093,396
2023-11-16 18:25:00.0119440,1314,152
2023-11-16 18:25:00.3800320,1152,395
2023-11-16 18:25:00.4663440,1125,468
2023-11-16 18:25:00.6669770,1571,89
2023-11-16 18:25:01.0760850,1049,411
2023-11-16 18:25:02.5898060,2464,78
2023-11-16 18:25:03.2422580,1076,375
2023-11-16 18:25:03.8911220,1008,446
2023-11-16 18:25:04.3633700,730,42
2023-11-16 18:25:04.6859510,398,105
2023-11-16 18:25:05.2777320,1182,411
2023-11-16 18:25:05.5449410,1316,256
2023-11-16 18:25:05.7648740,650,54
2023-11-16 18:25:06.2377810,1187,84
2023-11-16 18:25:06.7195000,1098,449
2023-11-16 18:25:07.0729900,954,54
2023-11-16 18:25:07.7968540,4089,85
2023-11-16 18:25:08.1328260,1146,375
2023-11-16 18:25:08.2300130,396,90
2023-11-16 18:25:08.6169520,375,96
2023-11-16 18:25:09.7663670,384,99
2023-11-16 18:25:10.9542710,1095,423
2023-11-16 18:25:11.0468850,1092,502
2023-11-16 18:25:11.5046830,366,80
2023-11-16 18:25:12.1427210,1357,200
2023-11-16 18:25:12.4972350,1025,414
2023-11-16 18:25:12.9209350,4095,87
2023-11-16 18:25:13.2996620,881,141
2023-11-16 18:25:13.5299300,120,12
2023-11-16 18:25:14.5548670,2935,63
2023-11-16 18:25:14.9124210,1136,396
2023-11-16 18:25:15.1332710,1244,396
2023-11-16 18:25:15.4563190,1047,87
2023-11-16 18:25:15.5981450,4101,25
2023-11-16 18:25:15.6719140,1002,398
2023-11-16 18:25:15.8589380,1315,163
2023-11-16 18:25:16.0638800,1098,88
2023-11-16 18:25:16.2241970,1158,427
2023-11-16 18:25:16.3875060,429,100
2023-11-16 18:25:16.9614510,1076,404
2023-11-16 18:25:17.0646240,4076,50
2023-11-16 18:25:17.1906180,1035,373
2023-11-16 18:25:17.5988730,1089,395
2023-11-16 18:25:17.7441250,870,81
2023-11-16 18:25:17.9172420,1190,375
2023-11-16 18:25:18.7825080,1145,478
2023-11-16 18:25:19.0833660,1103,411
2023-11-16 18:25:19.6445440,1254,419
2023-11-16 18:25:19.9798580,1067,395
2023-11-16 18:25:20.1949940,1160,398
2023-11-16 18:25:20.4115590,1113,417
2023-11-16 18:25:20.8182010,1010,82
2023-11-16 18:25:20.8947290,4105,38
2023-11-16 18:25:21.4902830,4074,42
2023-11-16 18:25:21.5196890,406,80
2023-11-16 18:25:21.7036640,1109,84
2023-11-16 18:25:22.0539080,393,59
2023-11-16 18:25:22.8690890,396,84
2023-11-16 18:25:23.2712810,2106,108
2023-11-16 18:25:23.3862790,1074,378
2023-11-16 18:25:23.6322040,1044,386
2023-11-16 18:25:24.2348550,1236,376
2023-11-16 18:25:25.3575410,1185,401
2023-11-16 18:25:25.6373050,383,94
2023-11-16 18:25:25.7214980,972,396
2023-11-16 18:25:26.2194150,402,135
2023-11-16 18:25:26.8111300,1025,916
2023-11-16 18:25:27.3143160,387,67
2023-11-16 18:25:27.6291470,1315,154
2023-11-16 18:25:28.0747500,4123,76
2023-11-16 18:25:28.2818790,647,46
2023-11-16 18:25:28.4925830,382,54
2023-11-16 18:25:28.5272270,1155,403
2023-11-16 18:25:28.9219370,1129,416
2023-11-16 18:25:29.9651150,1004,413
2023-11-16 18:25:30.9916170,1004,399
2023-11-16 18:25:31.1651930,459,90
2023-11-16 18:25:31.4749820,1147,448
2023-11-16 18:25:31.5326300,1037,410
2023-11-16 18:25:32.2447060,371,69
2023-11-16 18:25:32.5282740,1108,442
2023-11-16 18:25:32.8029730,849,100
2023-11-16 18:25:33.2550250,1314,152
2023-11-16 18:25:34.0676320,851,85
2023-11-16 18:25:34.6266910,385,78
2023-11-16 18:25:34.8984670,2388,52
2023-11-16 18:25:35.7337140,1094,411
2023-11-16 18:25:35.8042410,4100,180
2023-11-16 18:25:36.2871250,386,79
2023-11-16 18:25:36.8210580,2738,113
2023-11-16 18:25:37.3539200,405,93
2023-11-16 18:25:37.5111320,783,45
2023-11-16 18:25:37.9347470,1200,518
2023-11-16 18:25:38.5073330,4100,52
2023-11-16 18:25:39.4873100,1093,411
2023-11-16 18:25:39.7885770,1069,383
2023-11-16 18:25:39.9762440,1056,430
2023-11-16 18:25:41.1299200,1730,107
2023-11-16 18:25:41.2843650,386,90
2023-11-16 18:25:41.6010020,1351,139
2023-11-16 18:25:42.1209470,1144,550
2023-11-16 18:25:42.2900330,1054,443
2023-11-16 18:25:42.4813550,983,377
2023-11-16 18:25:43.3142390,2042,45
2023-11-16 18:25:43.5989750,1041,463
2023-11-16 18:25:43.9985260,1190,375
2023-11-16 18:25:44.0610540,1280,92
2023-11-16 18:25:44.3468290,1162,449
2023-11-16 18:25:44.7415420,2374,110
2023-11-16 18:25:45.0952320,1074,434
2023-11-16 18:25:45.2313220,1143,426
2023-11-16 18:25:45.8078550,849,100
2023-11-16 18:25:45.9496210,2388,52
2023-11-16 18:25:46.2952790,385,89
2023-11-16 18:25:46.6519260,1143,396
2023-11-16 18:25:47.1959120,1031,74
2023-11-16 18:25:47.3642070,1101,478
2023-11-16 18:25:47.9922960,4095,36
2023-11-16 18:25:48.3547770,400,82
2023-11-16 18:25:48.7777090,1077,468
2023-11-16 18:25:49.1257880,1044,386
2023-11-16 18:25:50.4262530,397,66
2023-11-16 18:25:50.9077660,61,136
2023-11-16 18:25:51.2767410,1035,388
2023-11-16 18:25:51.6918580,1056,451
2023-11-16 18:25:51.9671480,406,104
2023-11-16 18:25:52.1113080,444,99
2023-11-16 18:25:52.7190310,4074,68
2023-11-16 18:25:53.2329230,1313,143
2023-11-16 18:25:53.4783520,1180,597
2023-11-16 18:25:53.6925260,1117,387
2023-11-16 18:25:54.2386420,1091,375
2023-11-16 18:25:54.9587950,1038,387
2023-11-16 18:25:55.1110440,1052,409
2023-11-16 18:25:55.4963920,1313,169
2023-11-16 18:25:55.9017670,1737,92
2023-11-16 18:25:56.0381940,1100,426
2023-11-16 18:25:56.3967320,395,78
2023-11-16 18:25:56.5987490,1639,91
2023-11-16 18:25:57.6048870,1104,399
2023-11-16 18:25:57.6803320,1027,429
2023-11-16 18:25:57.9318770,944,393
2023-11-16 18:25:58.6082690,453,85
2023-11-16 18:25:58.6700720,1039,717
2023-11-16 18:25:59.1939710,404,104
2023-11-16 18:25:59.3185020,2091,88
2023-11-16 18:25:59.3354860,4090,57
